Parasite,NoOutbreakMean,OutbreakMean
Blastulidium,111.5370089,10976.91516
Blastulidium,317.6000476,13988.14164
Blastulidium,2241.547,4742.881762